<Atlas><Texture filename="huligem.tex" /><Elements>
<Element name="huligem_sj.tex" u1="0" u2="0.25" v1="0.75" v2="1" />
<Element name="huligem_qh.tex" u1="0.25" u2="0.5" v1="0.75" v2="1" />
<Element name="huligem_hc.tex" u1="0.5" u2="0.75" v1="0.75" v2="1" />
<Element name="huligem_gjqh.tex" u1="0.75" u2="1" v1="0.75" v2="1" />
<Element name="huligem_jh.tex" u1="0" u2="0.25" v1="0.5" v2="0.75" />
<Element name="huligem_xy.tex" u1="0.25" u2="0.5" v1="0.5" v2="0.75" />
<Element name="huligem_bj.tex" u1="0.5" u2="0.75" v1="0.5" v2="0.75" />
</Elements></Atlas>