<Atlas><Texture filename="items.tex" /><Elements>
<Element name="hulisoul.tex" u1="0" u2="0.25" v1="0" v2="0.5" />
<Element name="huliclone.tex" u1="0.25" u2="0.5" v1="0" v2="0.5" />
<Element name="xhl_cl.tex" u1="0.25" u2="0.5" v1="0" v2="0.5" />
<Element name="gumifan.tex" u1="0" u2="0.25" v1="0.5" v2="1" />
<Element name="handfan.tex" u1="0.75" u2="1" v1="0.5" v2="1" />
<Element name="foxmask.tex" u1="0.25" u2="0.5" v1="0.5" v2="1" />
<Element name="skirt.tex" u1="0.5" u2="0.75" v1="0.5" v2="1" />
<Element name="skirt_x.tex" u1="0.5" u2="0.75" v1="0.5" v2="1" />
<Element name="mihobell.tex" u1="0.5" u2="0.75" v1="0" v2="0.5" />
<Element name="huli_dango.tex" u1="0.75" u2="1" v1="0" v2="0.5" />
</Elements></Atlas>